업종,신고번호,상호,시설주소(지번),시설주소(도로명),시설면적(제곱미터),최초등록일자,최근변경일자
체력단련장업,30106-1993-000001,금성헬스,서울특별시 서초구 서초동 1577-49 ,,,1993-02-10,2017-11-01
체력단련장업,30106-1995-000003,서초헬스크럽,서울특별시 서초구 반포동 746-9 2층 ,"서울특별시 서초구 사평대로 349  (반포동,2층)",,1995-11-21,
체력단련장업,30106-1996-000001,그린헬스,서울특별시 서초구 방배동 825-1 ,서울특별시 서초구 동광로 18  (방배동),,1996-01-13,
체력단련장업,30106-1997-000003,현대헬스,서울특별시 서초구 방배동 452-4 3층 ,"서울특별시 서초구 방배천로 22  (방배동,3층)",,1997-12-24,
체력단련장업,30106-1998-000002,헬스토피아,서울특별시 서초구 서초동 1302-52 (3층) ,"서울특별시 서초구 사평대로 362  (서초동,(3층))",152,1998-07-21,2011-10-10
체력단련장업,30106-2000-000001,동호헬스클럽,서울특별시 서초구 반포동 53-3 4층 ,"서울특별시 서초구 고무래로10길 17  (반포동,4층)",,2000-04-07,
체력단련장업,30106-2000-000003,그린짐,서울특별시 서초구 방배동 537-3 ,서울특별시 서초구 효령로 36  (방배동),,2000-07-18,2006-09-14
체력단련장업,30106-2001-000001,싸이버짐,서울특별시 서초구 잠원동 65-32 ,"서울특별시 서초구 잠원로 94, B1층 (잠원동, 한신빌딩)",505.06,2001-04-16,2016-05-25
체력단련장업,30106-2001-000002,한전아트센터스포츠클럽,서울특별시 서초구 서초동 1355 ,서울특별시 서초구 효령로72길 60 (서초동),395.74,2001-05-18,2015-03-06
체력단련장업,30106-2001-000004,국가대표 소유창 휘트니스,,"서울특별시 서초구 강남대로 617 (잠원동, 대양빌딩 4/5/6층)",,2001-07-06,2017-06-08
체력단련장업,30106-2001-000007,우성헬스 2,서울특별시 서초구 서초동 1624-1 지하1층 ,"서울특별시 서초구 서초중앙로 72  (서초동,지하1층)",,2001-12-28,
체력단련장업,30106-2002-000007,방배휘트니스클럽,서울특별시 서초구 방배동 795-23 2층 ,"서울특별시 서초구 동광로 69  (방배동,2층)",,2002-06-17,
체력단련장업,30106-2002-000011,제이디아이스포츠,서울특별시 서초구 서초동 1585-12 4층 ,"서울특별시 서초구 반포대로12길 10  (서초동,4층)",,2002-07-22,2005-07-18
체력단련장업,30106-2002-000013,코리아짐,서울특별시 서초구 서초동 1321-5 3층 ,"서울특별시 서초구 서운로 142-4  (서초동,3층)",,2002-08-12,
체력단련장업,30106-2002-000015,아이러브 휘트니스,서울특별시 서초구 양재동 232-0 농수산물유통공사 지하1층 ,"서울특별시 서초구 강남대로 27 (양재동,농수산물유통공사 지하1층)",,2002-10-19,2017-02-01
체력단련장업,30106-2002-000018,파워짐헬스크럽,서울특별시 서초구 서초동 1307-20 경일빌딩 7층 ,"서울특별시 서초구 서초대로77길 25  (서초동,경일빌딩 7층)",,2002-12-10,2009-07-31
체력단련장업,30106-2002-000019,코아텔휘트니스클럽,서울특별시 서초구 서초동 1330-0 지하2층 ,"서울특별시 서초구 강남대로53길 11  (서초동,지하2층)",,2002-12-30,
체력단련장업,30106-2003-000001,대한퍼스널트레이닝,서울특별시 서초구 반포동 705-6 미성빌딩4층 ,"서울특별시 서초구 사평대로55길 139  (반포동,미성빌딩4층)",,2003-03-26,2011-06-02
체력단련장업,30106-2003-000002,헬싱타운,서울특별시 서초구 양재동 1-26 성문빌딩 지1층 ,"서울특별시 서초구 남부순환로 2636 (양재동,성문빌딩 지1층)",483.58,2003-04-26,2003-09-03
체력단련장업,30106-2003-000004,듀발휘트니스,서울특별시 서초구 서초동 1671-5 서초리시온 2층 ,"서울특별시 서초구 서초중앙로22길 25  (서초동,서초리시온 2층)",,2003-06-03,2003-06-03
체력단련장업,30106-2003-000005,탑,서울특별시 서초구 서초동 1593-7 서초이오빌 지1층 ,"서울특별시 서초구 효령로53길 45  (서초동,서초이오빌 지1층)",,2003-08-26,2009-12-03
체력단련장업,30106-2003-000006,발리토탈휘트니스,서울특별시 서초구 서초동 1316-15 오르시떼빌딩 2층 ,"서울특별시 서초구 강남대로61길 23  (서초동,오르시떼빌딩 2층)",,2003-09-06,2003-09-06
체력단련장업,30106-2004-000001,아크로 운동센타,서울특별시 서초구 반포동 44-3 서호빌딩 지1층 ,"서울특별시 서초구 서초중앙로 197  (반포동,서호빌딩 지1층)",,2004-01-15,2004-01-15
체력단련장업,30106-2004-000004,방배역점 스포애니 (주)케이디헬스케어,서울특별시 서초구 방배동 909-9 6층 ,"서울특별시 서초구 방배로 81 (방배동,6층)",453.1,2004-06-11,2023-12-01
체력단련장업,30106-2004-000005,휘트니스 모션,서울특별시 서초구 방배동 812-16 3층 ,"서울특별시 서초구 방배로 205 (방배동, 3층)",,2004-08-30,2016-04-04
체력단련장업,30106-2004-000006,우성A휘트니스,서울특별시 서초구 서초동 1336 지하1층 ,서울특별시 서초구 사임당로 158 (서초동),,2004-10-21,2009-07-23
체력단련장업,30106-2004-000007,마하헬스크럽,서울특별시 서초구 방배동 451-26 2층 ,"서울특별시 서초구 방배천로2안길 23  (방배동,2층)",,2004-10-28,2004-10-28
체력단련장업,30106-2004-000009,휘트니스에프엠 교대점,서울특별시 서초구 서초동 1674-1 지1층 ,"서울특별시 서초구 서초대로 314 (서초동,지1층)",636.77,2004-11-26,2015-12-01
체력단련장업,30106-2005-000001,스피드순환운동,서울특별시 서초구 양재동 103-0 (2층) ,"서울특별시 서초구 바우뫼로 106  (양재동,(2층))",,2005-03-29,2005-03-29
체력단련장업,30106-2005-000004,트리짐,서울특별시 서초구 반포동 30-2 삼호가든상가 3층 309-1호 ,,,2005-06-29,2005-06-29
체력단련장업,30106-2005-000008,토마토휘트니스클럽,"서울특별시 서초구 잠원동 38-1 (2,3,4층) ","서울특별시 서초구 신반포로47길 30  (잠원동,(2,3,4층))",,2005-11-28,2005-11-28
체력단련장업,30106-2006-000005,플라이 짐,서울특별시 서초구 서초동 1354-5 (지하1층) ,"서울특별시 서초구 서운로 3 (서초동,(지하1층))",,2006-07-05,2024-02-28
체력단련장업,30106-2006-000006,안전지대 휘트니스,서울특별시 서초구 방배동 753-5 (지하1층) ,"서울특별시 서초구 동작대로 230 (방배동,(지하1층))",1052.69,2006-09-18,2017-06-01
체력단련장업,30106-2006-000007,우정스포츠,서울특별시 서초구 서초동 1328-11 지하1층 B101호 ,"서울특별시 서초구 강남대로 359  (서초동,지하1층 B101호)",,2006-09-29,2006-09-29
체력단련장업,30106-2007-000001,MKG 피트니스,서울특별시 서초구 서초동 1536-7 진석빌딩 지하1층 ,"서울특별시 서초구 반포대로 63 (서초동,진석빌딩 지하1층)",,2007-03-23,2022-10-12
체력단련장업,30106-2007-000006,골드헬스클럽,서울특별시 서초구 서초동 1332-4 (지하1층) ,"서울특별시 서초구 사임당로 143  (서초동,(지하1층))",,2007-09-19,2007-09-19
체력단련장업,30106-2007-000008,플레이핏 앤 필라테스,서울특별시 서초구 반포동 44-1 (지하1층) ,"서울특별시 서초구 서초중앙로 199 (반포동,(지하1층))",,2007-10-18,2015-11-01
체력단련장업,30106-2008-000002,언남문화체육센터,서울특별시 서초구 양재동 309 언남중고공공복합시설 지하중층 ,"서울특별시 서초구 동산로13길 35 (양재동,언남중고공공복합시설 지하중층)",529.56,2008-04-17,2015-04-03
체력단련장업,30106-2008-000003,메가짐&필라퀸&킹골프&펀복싱&메가핏재활아카데미,서울특별시 서초구 서초동 1603-54 (지하2층) ,"서울특별시 서초구 효령로 321 (서초동,(지하2층))",1023.83,2008-07-25,2023-11-13
체력단련장업,30106-2008-000005,소울앤드바디,"서울특별시 서초구 서초동 1697-12 ,42(2층) ","서울특별시 서초구 서초대로55길 17  (서초동,,42(2층))",,2008-10-23,2008-10-23
체력단련장업,30106-2009-000001,이루어GYM 서초점,,"서울특별시 서초구 서초대로 346 (서초동, 지하 1층 101호)",,2009-02-10,2018-07-02
체력단련장업,30106-2009-000002,갤럭시아스포츠클럽 더케이호텔점,서울특별시 서초구 양재동 202 더케이서울호텔 지하1층 ,"서울특별시 서초구 바우뫼로12길 70 (양재동, 더케이서울호텔 지하1층)",391.23,2009-04-10,2020-04-17
체력단련장업,30106-2009-000003,비나이더 방배점,서울특별시 서초구 방배동 901-1 ,"서울특별시 서초구 방배로 132, 지하1~2층 (방배동)",813.2,2009-05-14,2023-03-16
체력단련장업,30106-2009-000005,(주)더 파스칼,서울특별시 서초구 양재동 275-4 트윈타워 B동(지1층) ,"서울특별시 서초구 마방로10길 15 (양재동,트윈타워 B동(지1층))",640.7,2009-08-11,2021-11-05
체력단련장업,30106-2009-000006,스카이스포츠,서울특별시 서초구 서초동 1439-1 (지1층) ,"서울특별시 서초구 남부순환로339길 72  (서초동,(지1층))",138.75,2009-08-27,
체력단련장업,30106-2009-000008,휘트니스짐,서울특별시 서초구 서초동 1459-12 외3필지 (지하1층) ,"서울특별시 서초구 반포대로 34, 지하1층 (서초동)",403.93,2009-11-11,2013-03-04
체력단련장업,30106-2009-000009,SH메디휘트니스,서울특별시 서초구 양재동 11-17 한솔로이젠트 B01 ,"서울특별시 서초구 남부순환로 2614 (양재동, 한솔로이젠트 B01호)",630.7,2009-12-11,2012-02-29
체력단련장업,30106-2010-000002,피트니스파이브,"서울특별시 서초구 서초동 1685-8 G-five B112호, B113호 ","서울특별시 서초구 서초중앙로24길 27 (서초동, G-five B112호, B113호)",689.74,2010-04-13,2022-05-09
체력단련장업,30106-2010-000003,애플짐반포점,서울특별시 서초구 반포동 19-1 르본시티 2층 ,"서울특별시 서초구 신반포로 162 (반포동,르본시티 2층)",1272.2,2010-05-13,
체력단련장업,30106-2010-000007,휴메이크 휘트니스,서울특별시 서초구 서초동 1337-20 대륭서초타워(지2층) ,"서울특별시 서초구 강남대로 327 (서초동,대륭서초타워(지2층))",739.2,2010-07-07,2023-08-01
체력단련장업,30106-2010-000008,리스펙짐,서울특별시 서초구 서초동 1542-14 우림빌딩(지1층) ,"서울특별시 서초구 반포대로 118 (서초동, (지1층))",269.4,2010-08-06,2022-05-30
체력단련장업,30106-2010-000009,딸기짐,서울특별시 서초구 방배동 783-24 (4층) ,"서울특별시 서초구 동작대로 172 (방배동,(4층))",315.1,2010-11-11,2013-07-22
체력단련장업,30106-2011-000001,마이짐(MY GYM),서울특별시 서초구 방배동 6-9 (지1층) ,"서울특별시 서초구 방배로42길 61  (방배동,(지1층))",246.7,2011-01-12,2011-01-17
체력단련장업,30106-2011-000002,더베스트짐,서울특별시 서초구 양재동 275-2 윈드스톤오피스텔(지1층) ,"서울특별시 서초구 논현로 79 (양재동,윈드스톤오피스텔(지1층))",552.3,2011-04-11,2012-10-17
체력단련장업,30106-2011-000003,피트니스팩토리24,"서울특별시 서초구 양재동 20-28 극동빌딩 (4층,5층) ","서울특별시 서초구 강남대로 156-1, 극동빌딩  4,5층 (양재동)",293,2011-04-15,2021-08-23
체력단련장업,30106-2011-000004,NKB PT GYM,서울특별시 서초구 방배동 875-21 배양빌딩 ,"서울특별시 서초구 서초대로25길 지하 27 (방배동, 배양빌딩)",73.9,2011-06-14,2017-03-27
체력단련장업,30106-2011-000006,비컴스 피트니스,서울특별시 서초구 반포동 93-7 (3층) ,"서울특별시 서초구 서래로 50 (반포동,(3층))",194.6,2011-07-21,2012-12-05
체력단련장업,30106-2011-000007,C&S휘트니스,서울특별시 서초구 서초동 1597-4 (지1층) ,"서울특별시 서초구 사임당로 32  (서초동,(지1층))",297.2,2011-09-26,2013-07-12
체력단련장업,30106-2011-000008,어반액티브,서울특별시 서초구 방배동 909-11 (3층) ,"서울특별시 서초구 효령로31길 10 (방배동,(3층))",210.2,2011-10-27,2016-05-09
체력단련장업,30106-2011-000009,위아더 휘트니스,"서울특별시 서초구 방배동 761-6 (2,3층) ","서울특별시 서초구 방배중앙로 187 (방배동, (2,3층))",419.8,2011-11-14,2019-05-01
체력단련장업,30106-2011-000010,Finest Private Gym,서울특별시 서초구 반포동 88-5 (2층) ,"서울특별시 서초구 서래로 2 (반포동, (2층))",132.4,2011-12-02,
체력단련장업,30106-2012-000001,에이블짐 신논현역,서울특별시 서초구 반포동 748-8 ,서울특별시 서초구 사평대로 371 (반포동),743.9,2012-02-01,2021-03-31
체력단련장업,30106-2012-000002,(주)영자피트니스 이수방배,서울특별시 서초구 방배동 1823 ,서울특별시 서초구 동작대로 지하 134 (방배동),1009.8,2012-03-21,2020-08-21
체력단련장업,30106-2012-000003,the Fitness LAB,서울특별시 서초구 방배동 797-24 우림빌딩 ,"서울특별시 서초구 동광로 101, 우림빌딩 2층 (방배동)",162.93,2012-06-01,2020-06-08
체력단련장업,30106-2012-000004,벧쎌RC,서울특별시 서초구 서초동 1434-12 ,서울특별시 서초구 남부순환로337가길 33 (서초동),118.94,2012-06-04,
체력단련장업,30106-2012-000005,파인휘트니스,"서울특별시 서초구 방배동 925-3 지하1, 지하2 ","서울특별시 서초구 방배로 127 (방배동, 지하1, 지하2)",513.96,2012-06-18,2020-09-18
체력단련장업,30106-2012-000007,에이제이짐,서울특별시 서초구 방배동 425-1 세양아르비채102동 1층 ,"서울특별시 서초구 방배천로 92 (방배동, 세양아르비채102동 1층)",153.09,2012-08-10,2018-02-12
체력단련장업,30106-2012-000009,옵티멀휘트니스(optimal fitness),서울특별시 서초구 반포동 106-5 ,"서울특별시 서초구 사평대로22길 14, 2층 (반포동)",222.36,2012-09-17,
체력단련장업,30106-2012-000010,(주)그레이트짐,서울특별시 서초구 서초동 1341-7 지하1층 ,"서울특별시 서초구 남부순환로347길 101 (서초동, 지하1층)",394.5,2012-10-25,2015-06-24
체력단련장업,30106-2012-000012,드림팩토리(Dream Factory),서울특별시 서초구 잠원동 56-3 잠원연합상가 지하1층 ,"서울특별시 서초구 잠원로 148 (잠원동, 잠원연합상가 지하1층)",138.84,2012-11-14,2012-11-23
체력단련장업,30106-2012-000013,부띠끄 피트니스,서울특별시 서초구 양재동 2-12 동일빌딩 ,"서울특별시 서초구 남부순환로364길 8-15, 동일빌딩 3층 (양재동)",120.91,2012-12-28,2023-01-25
체력단련장업,30106-2012-000014,김재환짐,서울특별시 서초구 서초동 1557-11 지하1층 ,"서울특별시 서초구 반포대로28길 50, 지하1층 (서초동)",122.56,2012-12-31,2016-12-13
체력단련장업,30106-2013-000001,고마워 휘트니스,서울특별시 서초구 서초동 1699-1 지하1층 ,"서울특별시 서초구 서초중앙로 166 (서초동, 지하1층)",477.64,2013-03-27,2015-03-12
체력단련장업,30106-2013-000002,쥬빌짐,"서울특별시 서초구 서초동 1310 삼호서초동종합상가 211,212호 ","서울특별시 서초구 서운로 208 (서초동, 삼호서초동종합상가 211,212호)",58.2,2013-05-03,
체력단련장업,30106-2013-000003,티랩스튜디오 시그니처 서초점,서울특별시 서초구 서초동 1489-2 비선빌딩 ,"서울특별시 서초구 효령로 190, 비선빌딩 지하1층 (서초동)",484.05,2013-05-28,2022-02-16
체력단련장업,30106-2013-000004,G.O PT Studio,서울특별시 서초구 서초동 1507-19 송형빌딩 2층 ,"서울특별시 서초구 명달로 116 (서초동, 2층)",147.83,2013-07-12,
체력단련장업,30106-2013-000005,강남역2호점 스포애니 (주)케이디헬스케어,서울특별시 서초구 서초동 1330-16 나산스위트 지하1층 ,"서울특별시 서초구 서초대로78길 44 (서초동, 나산스위트 지하1층)",765.12,2013-08-19,2024-03-21
체력단련장업,30106-2013-000006,핏바디스튜디오,서울특별시 서초구 서초동 1309-1 디오빌강남오피스텔 201호,"서울특별시 서초구 서초대로73길 54 (서초동, 디오빌강남오피스텔 201호)",91.84,2013-09-06,
체력단련장업,30106-2013-000007,잼짐(GEM GYM),서울특별시 서초구 반포동 51-5 대동빌딩 지하1층 ,"서울특별시 서초구 서초중앙로 217 (반포동, 대동빌딩 지하1층)",772.53,2013-10-02,2022-06-03
체력단련장업,30106-2013-000008,Lion GYM,서울특별시 서초구 서초동 1682 서초래미안@상가동 207호,"서울특별시 서초구 서초대로65길 13-10 (서초동, 서초래미안@상가동 207호)",54.95,2013-10-10,
체력단련장업,30106-2013-000009,파워슈로스 운동센터,서울특별시 서초구 방배동 2999 구산빌딩 4층 ,"서울특별시 서초구 서초대로 6 (방배동, 구산빌딩 4층)",178.52,2013-11-22,
체력단련장업,30106-2014-000002,하이드파크,"서울특별시 서초구 서초동 1694-10 지하2층, 지하3층 ","서울특별시 서초구 서초중앙로 148 (서초동, 지하2층, 지하3층)",460.42,2014-03-17,2023-08-01
체력단련장업,30106-2014-000004,마이다스 스튜디오,서울특별시 서초구 서초동 1689-2 다동 5층 ,"서울특별시 서초구 서초대로 335 (서초동, 다동 5층)",102.3,2014-03-28,
체력단련장업,30106-2014-000005,Training-Parc(트레이닝파크),"서울특별시 서초구 서초동 1689-6 지하1층, 지상2층 ","서울특별시 서초구 서초대로 341 (서초동, 지하1층, 지상2층)",394.59,2014-04-29,2017-11-30
체력단련장업,30106-2014-000006,이수역점 스포애니 (주)케이디헬스케어,서울특별시 서초구 방배동 3160 유문빌딩 지하1층 ,"서울특별시 서초구 동작대로 114 (방배동, 유문빌딩 지하1층)",621.04,2014-05-01,2023-11-27
체력단련장업,30106-2014-000007,인타임 피트니스,서울특별시 서초구 서초동 1580-6 지하1층 ,"서울특별시 서초구 사임당로 21 (서초동, 지하1층)",169.03,2014-05-26,2023-06-23
체력단련장업,30106-2014-000008,크로스핏 제니아,서울특별시 서초구 반포동 92-10 포도빌딩 지하1층 ,"서울특별시 서초구 서래로8길 7 (반포동, 포도빌딩 지하1층)",146.26,2014-06-30,
체력단련장업,30106-2014-000009,헬스보이짐 신논현점,서울특별시 서초구 서초동 1303-10 한일유앤아이주상복합 지하2층 ,"서울특별시 서초구 사평대로56길 7 (서초동, 한일유앤아이주상복합 지하2층)",642.58,2014-07-25,2022-02-11
체력단련장업,30106-2014-000010,달라짐(Dalla GYM) PT studio,서울특별시 서초구 양재동 9-58 2층 ,"서울특별시 서초구 강남대로30길 57 (양재동, 2층)",127.06,2014-08-22,
체력단련장업,30106-2014-000011,피트니스 스퀘어,서울특별시 서초구 방배동 1-131 지층 ,"서울특별시 서초구 동광로27길 20 (방배동, 지층)",103.03,2014-09-01,
체력단련장업,30106-2014-000012,로얄바디짐,서울특별시 서초구 방배동 807-9 2층 ,"서울특별시 서초구 동광로 106 (방배동, 2층)",201.17,2014-09-11,2016-01-27
체력단련장업,30106-2014-000013,휘트니스피플 우먼 논현점,서울특별시 서초구 잠원동 37-7 성한빌딩 지하2층 ,"서울특별시 서초구 강남대로 557 (잠원동, 성한빌딩 지하2층)",234.44,2014-09-16,2023-03-31
체력단련장업,30106-2014-000015,9's(나인스) PT STUDIO,서울특별시 서초구 방배동 421-23 명림빌딩 지하2층 ,"서울특별시 서초구 방배천로24길 11 (방배동, 명림빌딩 지하2층)",179.79,2014-11-11,
체력단련장업,30106-2014-000017,나눔케어 피트니스,,"서울특별시 서초구 서래로5길 19, 3층 (반포동, 나눔케어빌딩)",92.15,2014-11-14,2017-10-23
체력단련장업,30106-2014-000018,하이폭시코리아,서울특별시 서초구 양재동 24 스포타임 3층 ,"서울특별시 서초구 강남대로 213 (양재동, 스포타임3층)",,2014-11-17,
체력단련장업,30106-2014-000019,더쉐이프,서울특별시 서초구 방배동 1020-4 동림빌딩 ,"서울특별시 서초구 효령로34길 76, 동림빌딩 2층 201호 (방배동)",135.82,2014-11-27,2018-07-20
체력단련장업,30106-2014-000020,클래스짐,서울특별시 서초구 서초동 1602-10 3층 ,"서울특별시 서초구 효령로 289 (서초동, 3층)",141.94,2014-12-02,2017-12-06
체력단련장업,30106-2014-000022,Gym 360+,서울특별시 서초구 반포동 97-8 3층 ,"서울특별시 서초구 서래로3길 3 (반포동, 3층)",207.16,2014-12-09,
체력단련장업,30106-2015-000001,주식회사 힐링스짐,서울특별시 서초구 방배동 907-10 2층 ,"서울특별시 서초구 효령로33길 55 (방배동, 2층)",209.41,2015-01-30,
체력단련장업,30106-2015-000002,코어핏(Corefit),서울특별시 서초구 반포동 106-13 신화빌딩 1층 ,"서울특별시 서초구 사평대로20길 3 (반포동, 신화빌딩 1층)",195.62,2015-03-03,
체력단련장업,30106-2015-000003,TenTen Fitness,서울특별시 서초구 반포동 54-7 ,"서울특별시 서초구 서초중앙로33길 20 (반포동, 2층)",195.92,2015-04-13,
체력단련장업,30106-2015-000005,마커스짐,서울특별시 서초구 방배동 882-6 신국빌딩 2층 ,"서울특별시 서초구 서초대로 137 (방배동, 신국빌딩 2층)",177.75,2015-05-01,2016-03-14
체력단련장업,30106-2015-000006,삼성물산 서초사옥휘트니스,"서울특별시 서초구 서초동 1321-20 삼성물산 서초사옥, 지하1층 ","서울특별시 서초구 서초대로74길 14 (서초동, 삼성물산 서초사옥, 지하1층)",1868.93,2015-06-08,2023-11-10
체력단련장업,30106-2015-000007,4TP fitness,"서울특별시 서초구 반포동 55-2 지하중2층, 지하2층, 지하3층 ","서울특별시 서초구 고무래로 18-4 (반포동, 지하중2층, 지하2층, 지하3층)",1138.98,2015-06-11,
체력단련장업,30106-2015-000008,잠원스포츠파크,서울특별시 서초구 잠원동 71-10 ,서울특별시 서초구 신반포로23길 66 (잠원동),655.52,2015-06-23,
체력단련장업,30106-2015-000009,MN휘트니스,서울특별시 서초구 서초동 1337 강남미래타워B101호~B103호 ,"서울특별시 서초구 사임당로 174 (서초동, 강남미래타워B101호~B103호)",514.8,2015-07-02,2017-04-25
체력단련장업,30106-2015-000010,펠리체PT스튜디오,서울특별시 서초구 서초동 1665-32 동진빌딩 2층 ,"서울특별시 서초구 서초중앙로20길 38, 2층 (서초동, 동진빌딩)",,2015-08-10,
체력단련장업,30106-2015-000011,테라 짐,서울특별시 서초구 반포동 106-2 ,"서울특별시 서초구 사평대로22길 6, 2층 (반포동, 삼영빌딩)",291.48,2015-08-13,2019-06-27
체력단련장업,30106-2015-000012,HAVEN,서울특별시 서초구 서초동 1698-1 ,"서울특별시 서초구 서초중앙로28길 6, 4층 (서초동)",,2015-09-16,
체력단련장업,30106-2015-000013,이동근 바디퍼포먼스,서울특별시 서초구 서초동 1534-5 ,"서울특별시 서초구 반포대로 43, 지층 (서초동)",162.69,2015-10-13,2020-09-15
체력단련장업,30106-2015-000014,바디엔지니어,서울특별시 서초구 서초동 1338-20 ,"서울특별시 서초구 강남대로 305, 지하1층 109호 (서초동, 현대렉시온)",,2015-10-30,2024-02-28
체력단련장업,30106-2015-000017,대한퍼스널트레이너협회,서울특별시 서초구 방배동 912-2 범창빌딩 3층 ,"서울특별시 서초구 효령로 105, 3층 (방배동, 범창빌딩)",155.52,2015-12-28,
체력단련장업,30106-2016-000001,어메이짐(Amazym),서울특별시 서초구 잠원동 29-19 ,"서울특별시 서초구 강남대로93길 38, 지하층 (잠원동, 영신빌딩)",144.69,2016-01-20,2018-05-09
체력단련장업,30106-2016-000002,(주)잠원투엑스휘트니스,서울특별시 서초구 잠원동 72-3 ,"서울특별시 서초구 잠원로3길 40, 지층 1호 (잠원동, 태남홀딩스)",1438.79,2016-02-19,
체력단련장업,30106-2016-000003,비바라짐,서울특별시 서초구 반포동 1053 ,"서울특별시 서초구 신반포로 22, H동 14,207호 (반포동, 구반포상가)",162.85,2016-04-04,
체력단련장업,30106-2016-000004,퍼스널 트레이닝 S,서울특별시 서초구 반포동 18-4 ,"서울특별시 서초구 신반포로 100, 415,416,417호 (반포동, 래미안 퍼스티지 신반포역상가)",81.21,2016-04-18,
체력단련장업,30106-2016-000007,더 스토리짐,서울특별시 서초구 서초동 1330-14 ,"서울특별시 서초구 서초대로78길 48, 5층 (서초동)",,2016-06-14,
체력단련장업,30106-2016-000008,달라짐,서울특별시 서초구 양재동 9-9 ,"서울특별시 서초구 남부순환로356길 61, 2층 (양재동)",125.39,2016-07-18,
체력단련장업,30106-2016-000009,휴메이크 휘트니스,서울특별시 서초구 서초동 1459-12 지하2층호,"서울특별시 서초구 반포대로 34, 지하1층 (서초동)",386.44,2016-07-21,2023-12-14
체력단련장업,30106-2016-000010,골든 크라운 크로스핏,서울특별시 서초구 서초동 1329-4 ,"서울특별시 서초구 강남대로 349, 지하2층 (서초동, 우남빌딩)",220.3,2016-08-26,2021-02-19
체력단련장업,30106-2016-000011,H Core Fitness,서울특별시 서초구 서초동 1450-3 ,"서울특별시 서초구 남부순환로325길 7, 지하1층 (서초동)",252.72,2016-09-26,2018-07-23
체력단련장업,30106-2016-000012,휴짐나지움,서울특별시 서초구 반포동 52-2 ,"서울특별시 서초구 고무래로10길 5, 2층 (반포동)",136.93,2016-11-01,
체력단련장업,30106-2016-000013,브랜뉴짐,서울특별시 서초구 방배동 851-8 ,"서울특별시 서초구 방배로 174, 지하1층 (방배동, 태창빌딩)",117.6,2016-11-01,
체력단련장업,30106-2016-000014,올핏 운동헬스케어 매니지먼트,서울특별시 서초구 서초동 1364-2 ,"서울특별시 서초구 서운로 18, 지하1층 (서초동, 영진빌딩)",128.76,2016-11-01,2019-06-12
체력단련장업,30106-2016-000015,719 studio,서울특별시 서초구 반포동 719-3 ,서울특별시 서초구 사평대로53길 93-19 (반포동),121.57,2016-11-09,
체력단련장업,30106-2016-000016,얼티밋 크로스핏 방배점,서울특별시 서초구 방배동 908-5 ,"서울특별시 서초구 방배로 94, 지하2층 (방배동)",285.12,2016-12-12,2019-05-15
체력단련장업,30106-2017-000001,제이짐(Jgym),,"서울특별시 서초구 서초중앙로 62, 지하1층 (서초동, 우일빌딩)",196.7,2017-01-10,
체력단련장업,30106-2017-000002,헐크짐,서울특별시 서초구 양재동 291-22 ,"서울특별시 서초구 동산로13길 6, 지하층 (양재동)",140.47,2017-01-19,
체력단련장업,30106-2017-000003,The Better GYM,서울특별시 서초구 서초동 1697-15 ,"서울특별시 서초구 서초중앙로26길 13, B01호 (서초동)",105.5,2017-02-28,
체력단련장업,30106-2017-000005,SONO STUDIO,,"서울특별시 서초구 방배로 119, 지하1층 (방배동)",,2017-03-31,2023-05-17
체력단련장업,30106-2017-000006,진핏 PT 스튜디오,,"서울특별시 서초구 서초중앙로 87 (서초동, 지하2층)",,2017-04-13,2022-01-13
체력단련장업,30106-2017-000007,리얼핏,서울특별시 서초구 서초동 1337-22 서초동 대우디오빌프라임 ,"서울특별시 서초구 강남대로 321, 209-211호 (서초동, 서초동 대우디오빌프라임)",274.49,2017-04-17,2024-06-14
체력단련장업,30106-2017-000008,레몬필라테스,,"서울특별시 서초구 사평대로55길 133 (반포동, 대영빌딩 2층 전체)",,2017-04-26,
체력단련장업,30106-2017-000009,테디짐PT,,"서울특별시 서초구 서초중앙로 230, 2층 205호 (반포동, 동화반포프라자빌딩)",105.45,2017-05-10,2024-03-25
체력단련장업,30106-2017-000010,하우스필라테스,,"서울특별시 서초구 서초대로77길 61, 4층 (서초동, S&GTOWER서초)",239.18,2017-06-14,
체력단련장업,30106-2017-000012,워너비,,"서울특별시 서초구 남부순환로347길 101 (서초동, 지하1층)",412.71,2017-09-12,
체력단련장업,30106-2017-000013,주식회사 블레스라이프 필라테스,서울특별시 서초구 서초동 1316-5 부띠크 모나코 ,"서울특별시 서초구 서초대로 397, 2층 203-1호 (서초동)",115.5,2017-10-31,
체력단련장업,30106-2017-000014,바디메이크업(256),서울특별시 서초구 반포동 748-2 신논현타워 ,서울특별시 서초구 강남대로 479 (반포동),126.45,2011-03-21,2017-11-07
체력단련장업,30106-2017-000015,뱅뱅사거리점 스포애니 (주)케이디헬스케어,서울특별시 서초구 서초동 1357-35 백향빌딩 ,"서울특별시 서초구 강남대로 279, 지하1층 (서초동)",,2017-11-28,2024-03-13
체력단련장업,30106-2018-000001,아유짐,서울특별시 서초구 방배동 439-5 용진빌딩 ,"서울특별시 서초구 동작대로 62, 용진빌딩 3층 (방배동)",177,2018-01-11,
체력단련장업,30106-2018-000002,버터짐,서울특별시 서초구 서초동 1443-28 ,"서울특별시 서초구 효령로68길 104, 지하1층 (서초동)",333.14,2018-01-15,2022-07-08
체력단련장업,30106-2018-000003,비바라짐 (신논현),서울특별시 서초구 서초동 1302-2 대지스포츠플라자 ,"서울특별시 서초구 서운로 220, 대지스포츠플라자 2층 (서초동)",244.6,2018-01-23,2024-05-08
체력단련장업,30106-2018-000004,바디워크,서울특별시 서초구 방배동 1015 ,"서울특별시 서초구 방배로 16, 주심빌딩 4층 (방배동)",70,2018-01-31,
체력단련장업,30106-2018-000005,썸머짐,서울특별시 서초구 서초동 1527-7 ,"서울특별시 서초구 효령로 221, 3층 (서초동)",277.2,2018-02-21,2020-05-22
체력단련장업,30106-2018-000006,주식회사 영자피트니스 서초,서울특별시 서초구 서초동 1553-5 오퓨런스 ,"서울특별시 서초구 서초대로 254, 오퓨런스 지하3층 (서초동)",1187.77,2018-02-27,2022-10-18
체력단련장업,30106-2018-000007,피트니스 타임,서울특별시 서초구 양재동 11-47 도담빌딩 ,"서울특별시 서초구 남부순환로350길 19-26, 도담빌딩 지하1층 (양재동)",209.07,2018-02-28,2021-03-03
체력단련장업,30106-2018-000009,라비아 피트니스,서울특별시 서초구 반포동 50-5 ,"서울특별시 서초구 서초중앙로33길 7, 2층 (반포동)",238.35,2018-04-02,
체력단련장업,30106-2018-000011,짐홀릭,서울특별시 서초구 서초동 1648-16 ,"서울특별시 서초구 사임당로 93, 2-3층 (서초동)",264,2018-04-23,
체력단련장업,30106-2018-000012,썬더짐,서울특별시 서초구 서초동 1685-3 아크로비스타상가 상가동 L-134호,"서울특별시 서초구 서초중앙로 188, 상가동 L층 134호 (서초동, 아크로비스타)",104.28,2018-06-18,
체력단련장업,30106-2018-000013,피트니스 프렌즈,서울특별시 서초구 잠원동 16-1 잠원빌딩 ,"서울특별시 서초구 강남대로109길 102, 잠원빌딩 5층 (잠원동)",199.8,2018-06-25,
체력단련장업,30106-2018-000014,발할라짐,서울특별시 서초구 반포동 107-100 ,"서울특별시 서초구 서래로5길 34, 2층 (반포동)",74.26,2018-07-16,
체력단련장업,30106-2018-000015,트레이닝 캠프,서울특별시 서초구 반포동 746-8 새로나 빌딩 ,"서울특별시 서초구 강남대로79길 59, 새로나 빌딩 지하2층 (반포동)",464.57,2018-07-30,2023-05-19
체력단련장업,30106-2018-000016,바디 아티스트,서울특별시 서초구 서초동 1337-22 서초동대우디오빌프라임 ,"서울특별시 서초구 강남대로 321, 지하1층 104호 (서초동, 서초동대우디오빌프라임)",81.79,2018-08-23,
체력단련장업,30106-2018-000017,라곰(LAGOM),서울특별시 서초구 서초동 1623-8 ,"서울특별시 서초구 서초중앙로8길 7, 2층 (서초동)",125.71,2018-08-30,
체력단련장업,30106-2018-000018,빌더바디(Build The Body),서울특별시 서초구 방배동 426-3 ,"서울특별시 서초구 방배천로20길 1, 5층 (방배동)",117.6,2018-09-04,
체력단련장업,30106-2018-000019,바디메뉴얼,서울특별시 서초구 방배동 778-11 ,"서울특별시 서초구 방배중앙로 161, 2층 (방배동)",131.04,2018-09-20,
체력단련장업,30106-2018-000022,파란헬스살롱,서울특별시 서초구 반포동 704-18 ,"서울특별시 서초구 신반포로 326-16, 2층 (반포동)",178.7,2018-11-01,
체력단련장업,30106-2018-000023,아몬드짐,서울특별시 서초구 서초동 1457-4 ,"서울특별시 서초구 반포대로10길 45, 지하1층 (서초동)",238.98,2018-11-01,2020-01-07
체력단련장업,30106-2018-000025,듀오핏,서울특별시 서초구 방배동 751-5 ,"서울특별시 서초구 사평대로2길 22, 2층 (방배동)",154.78,2018-11-27,2023-05-17
체력단련장업,30106-2018-000026,웨이브휘트니스,서울특별시 서초구 서초동 1677-8 프로비스타 ,"서울특별시 서초구 서초대로 338, 프로비스타 지하2층 (서초동)",423.7,2018-12-14,
체력단련장업,30106-2018-000027,핏그라운드,서울특별시 서초구 서초동 1510-2 세진빌딩 ,"서울특별시 서초구 반포대로21길 23, 세진빌딩 지하1층 (서초동)",69.08,2018-12-14,
체력단련장업,30106-2018-000028,프로젝트핏,서울특별시 서초구 서초동 1364-39 지훈빌딩 ,"서울특별시 서초구 서운로6길 26, 지훈빌딩 지하1층 (서초동)",185.75,2018-12-14,2021-09-10
체력단련장업,30106-2018-000029,(주)올리바컴퍼니,서울특별시 서초구 양재동 80 상록빌딩 ,"서울특별시 서초구 강남대로 148, 상록빌딩 지하2층 (양재동)",397.32,2018-12-20,2020-01-15
체력단련장업,30106-2018-000030,엠퍼스널트레이닝서초,서울특별시 서초구 서초동 1589-12 오영빌딩 ,"서울특별시 서초구 반포대로14길 42, 오영빌딩 3층 (서초동)",231.52,2018-12-27,
체력단련장업,30106-2019-000001,발리휘트니스(BALI Fitness),서울특별시 서초구 반포동 93-3 포레 933빌딩 ,"서울특별시 서초구 사평대로26길 8, 포레 933빌딩 4층 (반포동)",185.89,2019-01-30,2021-10-15
체력단련장업,30106-2019-000002,피트니스솔루션,서울특별시 서초구 서초동 1689-2 서흥빌딩 ,"서울특별시 서초구 서초대로 335, 서흥빌딩 5층 (서초동)",102.8,2019-03-04,2020-03-05
체력단련장업,30106-2019-000003,퍼스트짐,서울특별시 서초구 양재동 376-2 유성빌딩 ,"서울특별시 서초구 동산로12길 4, 유성빌딩 지하1층 (양재동)",294.75,2019-03-08,2021-11-25
체력단련장업,30106-2019-000004,"골드에스 휘트니스, 필라테스 서초점",서울특별시 서초구 서초동 1583-10 서초아트자이 ,"서울특별시 서초구 반포대로 58, 상가동 지하1~2층 (서초동, 서초아트자이)",1300.3,2019-03-25,2020-10-14
체력단련장업,30106-2019-000005,베스트 오브 벨리,서울특별시 서초구 반포동 91-7 백림제2빌딩 ,"서울특별시 서초구 서래로 32, 백림제2빌딩 3층 (반포동)",316.8,2019-04-30,
체력단련장업,30106-2019-000006,클럽몬스터(CLUB MONSTER),서울특별시 서초구 잠원동 56-3 잠원연합상가 ,"서울특별시 서초구 잠원로 148, 4층 402호 (잠원동, 잠원연합상가)",144,2019-05-01,
체력단련장업,30106-2019-000007,(주)에이블짐 교대역점,서울특별시 서초구 서초동 1674-4 하림인터내셔날빌딩 ,"서울특별시 서초구 서초대로 320, 하림인터내셔날빌딩 지하2층 (서초동)",1599.78,2019-05-28,
체력단련장업,30106-2019-000008,오늘하루운동,서울특별시 서초구 양재동 13-11 행복빌딩 ,"서울특별시 서초구 강남대로 210, 행복빌딩 지하1,2층 (양재동)",387.47,2019-06-03,2022-02-16
체력단련장업,30106-2019-000009,온더피티스튜디오 서초점,서울특별시 서초구 서초동 1341-17 ,"서울특별시 서초구 강남대로47길 52, 지하1층 (서초동)",120,2019-06-19,2021-08-02
체력단련장업,30106-2019-000011,박PT,서울특별시 서초구 서초동 1640-8 맥스빌딩 ,"서울특별시 서초구 사임당로17길 123, 맥스빌딩 (서초동)",130.67,2019-07-29,
체력단련장업,30106-2019-000012,올데이핏(Allday Fit),서울특별시 서초구 서초동 1573-14 웅진타워 ,"서울특별시 서초구 반포대로30길 81, 웅진타워 (서초동)",396,2019-09-11,2021-03-15
체력단련장업,30106-2019-000014,히스토리,서울특별시 서초구 반포동 95-8 ,"서울특별시 서초구 서래로 31, 2층 (반포동)",130.88,2019-11-28,2019-12-05
체력단련장업,30106-2019-000015,러브유어바디 피티 스튜디오,서울특별시 서초구 서초동 1633-4 ,"서울특별시 서초구 사임당로 115, B209호 (서초동)",68.79,2019-11-28,
체력단련장업,30106-2019-000017,운동하는날,서울특별시 서초구 우면동 7-2 ,"서울특별시 서초구 바우뫼로6길 16, 2층 (우면동)",168.28,2019-12-23,2020-03-09
체력단련장업,30106-2020-000001,바른핏 PT & 필라테스,서울특별시 서초구 서초동 1696-15 베아따빌딩본관 ,"서울특별시 서초구 서초중앙로24길 17, 베아따빌딩본관 지층 (서초동)",217.42,2020-01-23,2024-02-21
체력단련장업,30106-2020-000002,바디스펙트럼,서울특별시 서초구 서초동 1328-11 대우도씨에빛2 ,"서울특별시 서초구 강남대로 359, 대우도씨에빛2 3층 311,312호 (서초동)",116,2020-02-18,2021-05-06
체력단련장업,30106-2020-000003,리버스바디,서울특별시 서초구 서초동 1698-10 ,"서울특별시 서초구 서초대로53길 21, 202호 (서초동)",88.32,2020-02-24,
체력단련장업,30106-2020-000004,(주)빅브로짐 방배점,서울특별시 서초구 방배동 924-20 ,"서울특별시 서초구 방배로 103, 서리풀타워 지하1층 (방배동)",397.02,2020-02-27,2023-12-20
체력단련장업,30106-2020-000005,바디녹스짐,서울특별시 서초구 방배동 795-1 삼호회관 ,"서울특별시 서초구 방배로37길 11, 삼호회관 지하1층 (방배동)",249.25,2020-03-05,
체력단련장업,30106-2020-000006,렛츠피티,서울특별시 서초구 방배동 907-4 하나은행 ,"서울특별시 서초구 방배로 110, 하나은행 지하층 102호 (방배동)",188.43,2020-03-19,2024-03-08
체력단련장업,30106-2020-000007,스포니스 반포점,서울특별시 서초구 잠원동 103 반포역 ,"서울특별시 서초구 신반포로 지하 241, 반포역 지하1층 733-111(일부)호 (잠원동)",62.42,2020-04-29,2020-08-12
체력단련장업,30106-2020-000009,리커버리 퍼스널 트레이닝 센터,서울특별시 서초구 방배동 760-2 후생시설 ,"서울특별시 서초구 방배중앙로 196, 후생시설 지하1호 (방배동)",110.79,2020-06-16,2023-05-11
체력단련장업,30106-2020-000010,아크피티스튜디오,서울특별시 서초구 서초동 1330-8 EWR빌딩 ,"서울특별시 서초구 사임당로 171, EWR빌딩 지하1층 (서초동)",298.21,2020-06-18,
체력단련장업,30106-2020-000011,PT Lab Bangbae,서울특별시 서초구 방배동 858-34 석호빌딩 ,"서울특별시 서초구 방배중앙로 91, 석호빌딩 지하1층 (방배동)",195.32,2020-06-19,
체력단련장업,30106-2020-000012,다이아몬드짐 헬스,서울특별시 서초구 서초동 1678-1 서초동 동아빌라트 ,"서울특별시 서초구 서초대로 346, 지하1층 102호 (서초동, 서초동 동아빌라트)",373.03,2020-07-01,
체력단련장업,30106-2020-000013,반포휘트니스사우나,서울특별시 서초구 반포동 724-38 ,"서울특별시 서초구 강남대로85길 16, 1층 (반포동)",,2020-07-07,
체력단련장업,30106-2020-000014,교대역점 스포애니(주)케이디헬스케어,서울특별시 서초구 서초동 1671-2 ,"서울특별시 서초구 서초중앙로22길 17, 지하1층 (서초동)",,2020-07-07,2024-03-15
체력단련장업,30106-2020-000016,테라피티,서울특별시 서초구 양재동 20-34 성문빌딩 ,"서울특별시 서초구 바우뫼로 177, 성문빌딩 지하층 (양재동)",240.3,2020-07-31,
체력단련장업,30106-2020-000017,에이제이짐,서울특별시 서초구 방배동 866-10 방배 마에스트로 ,"서울특별시 서초구 서초대로 13, 방배 마에스트로 204호 (방배동)",133.33,2020-08-12,
체력단련장업,30106-2020-000018,피디컬짐,서울특별시 서초구 방배동 17-1 ,"서울특별시 서초구 방배로42길 19, 지층 (방배동)",193.75,2020-08-24,
체력단련장업,30106-2020-000019,핏플즈,서울특별시 서초구 반포동 49-10 ,"서울특별시 서초구 서초중앙로31길 14-11, 1층 (반포동)",72.21,2020-10-12,
체력단련장업,30106-2020-000020,S&C physical center,서울특별시 서초구 방배동 807-22 ,"서울특별시 서초구 동광로22길 7, 102동 b01호 (방배동)",149.01,2020-10-27,
체력단련장업,30106-2020-000021,위크로스핏,서울특별시 서초구 서초동 1575-2 서용빌딩 ,"서울특별시 서초구 서초중앙로 115, 서용빌딩 지층 (서초동)",175.2,2020-11-04,
체력단련장업,30106-2020-000022,GOTO 서브 반포점,서울특별시 서초구 잠원동 103 반포역 ,"서울특별시 서초구 신반포로 지하 241, 반포역 지하층 (잠원동)",,2020-11-27,
체력단련장업,30106-2020-000023,피치짐,서울특별시 서초구 서초동 1514-7 서초 에스테온 ,"서울특별시 서초구 명달로20길 21, 1층 (서초동, 서초 에스테온)",115.5,2020-12-02,
체력단련장업,30106-2020-000024,피지오플러스피티,서울특별시 서초구 서초동 1303-35 강남태영데시앙루브 205호,"서울특별시 서초구 강남대로 455, 205호 (서초동, 강남태영데시앙루브)",60,2020-12-02,2023-02-28
체력단련장업,30106-2021-000002,바디어필 PT 스튜디오,서울특별시 서초구 방배동 1021-14 ,"서울특별시 서초구 방배로6길 13, 지하1층 (방배동)",271,2021-01-21,
체력단련장업,30106-2021-000003,더짐 주식회사,서울특별시 서초구 서초동 1327-15 스타크 강남빌딩 ,"서울특별시 서초구 강남대로53길 8, 스타크 강남빌딩 (서초동)",,2021-02-15,
체력단련장업,30106-2021-000004,HANT,"서울특별시 서초구 서초동 1498-5 마제스타시티, 힐스테이트 서리풀 ","서울특별시 서초구 서초대로38길 12, b115동 116호 (서초동, 마제스타시티, 힐스테이트 서리풀)",,2021-02-23,
체력단련장업,30106-2021-000005,더바디코치,서울특별시 서초구 잠원동 69-12 반포쇼핑타운 ,"서울특별시 서초구 신반포로 205, 반포쇼핑타운 6동 5층 4,5호 (잠원동)",,2021-02-24,
체력단련장업,30106-2021-000006,라겟옴,서울특별시 서초구 서초동 1624-7 ,"서울특별시 서초구 서초중앙로 70, 동명빌딩 3층 (서초동)",,2021-02-24,
체력단련장업,30106-2021-000007,김민철 트레이닝,서울특별시 서초구 반포동 49-7 그랑반포 ,"서울특별시 서초구 서초중앙로31길 18, 그랑반포 4층 (반포동)",,2021-03-04,
체력단련장업,30106-2021-000008,마커스 그래비티,서울특별시 서초구 방배동 851-16 ,"서울특별시 서초구 서초대로25길 51, 지하1층 (방배동)",,2021-03-17,2024-01-17
체력단련장업,30106-2021-000009,빌리프짐 양재역점,서울특별시 서초구 서초동 1364-42 유진빌딩 ,"서울특별시 서초구 남부순환로347길 23, 유진빌딩 지하1층 (서초동)",470,2021-04-13,
체력단련장업,30106-2021-000010,바른다짐 퍼스널 트레이닝,서울특별시 서초구 서초동 1311-7 삼호종합상가 ,"서울특별시 서초구 서운로 207, 삼호종합상가 223호 (서초동)",48.65,2021-04-16,
체력단련장업,30106-2021-000011,짐파서블,서울특별시 서초구 서초동 1550-1 ,"서울특별시 서초구 서초대로42길 41, 지하1층 (서초동)",243,2021-04-16,2024-02-13
체력단련장업,30106-2021-000012,타임 투 짐(TIME TO GYM),서울특별시 서초구 서초동 1628-27 ,"서울특별시 서초구 사임당로14길 7, 1층 (서초동)",66,2021-04-29,
체력단련장업,30106-2021-000013,바른밸런스 PT STUDIO,서울특별시 서초구 서초동 1490-49 한진빌딩 ,"서울특별시 서초구 효령로 165, 한진빌딩 2층 (서초동)",211,2021-05-07,
체력단련장업,30106-2021-000014,로그짐 강남역점,서울특별시 서초구 서초동 1317-14 ,"서울특별시 서초구 서초대로77길 5, 진영빌딩 13층 (서초동)",92.94,2021-05-12,
체력단련장업,30106-2021-000015,슬릭 교대캠프,서울특별시 서초구 서초동 1713-3 ,"서울특별시 서초구 법원로2길 17-5, 백영빌딩 지하1층 (서초동)",276.87,2021-05-13,
체력단련장업,30106-2021-000016,바디스펙트럼2,서울특별시 서초구 서초동 1330-20 강남애니타워 ,"서울특별시 서초구 강남대로53길 7, 강남애니타워 3층 301호 (서초동)",115.36,2021-05-18,2024-03-05
체력단련장업,30106-2021-000017,서래마을 체육관,서울특별시 서초구 방배동 797-8 테라스빌딩 ,"서울특별시 서초구 동광로 93, 테라스빌딩 4층 (방배동)",210.66,2021-06-15,2021-06-30
체력단련장업,30106-2021-000018,네이처바이트 주식회사,서울특별시 서초구 우면동 671 하이디하우스 ,"서울특별시 서초구 성촌4길 11, 하이디하우스 지하1층, 지상4층 (우면동)",1270,2021-06-24,
체력단련장업,30106-2021-000019,헬링짐,서울특별시 서초구 잠원동 14-16 금산빌딩 ,"서울특별시 서초구 나루터로 75, 금산빌딩 지하1층 (잠원동)",476,2021-06-30,2023-09-05
체력단련장업,30106-2021-000020,비바라짐 내방점,서울특별시 서초구 방배동 898-1 ,"서울특별시 서초구 서초대로 108, 3층 301호 (방배동)",255.37,2021-08-03,
체력단련장업,30106-2021-000021,로그짐 서초우성점,서울특별시 서초구 서초동 1337-17 보원빌딩 ,"서울특별시 서초구 사임당로 180, 보원빌딩 1층 (서초동)",189.35,2021-08-24,
체력단련장업,30106-2021-000022,PT MATE,서울특별시 서초구 반포동 58-7 삼공빌딩 ,"서울특별시 서초구 고무래로 6-3, 삼공빌딩 지층 201호 (반포동)",115.59,2021-08-26,2022-02-04
체력단련장업,30106-2021-000023,교대PT,서울특별시 서초구 서초동 1628-10 URBANTREE(어반트리) ,"서울특별시 서초구 사임당로 80, URBANTREE(어반트리) 204호 (서초동)",39.61,2021-08-27,
체력단련장업,30106-2021-000024,짐에브리원,서울특별시 서초구 방배동 3001-2 방배디오슈페리움1 ,"서울특별시 서초구 서초대로 3-4, 413-1호 (방배동, 방배디오슈페리움1)",110.23,2021-09-08,
체력단련장업,30106-2021-000025,주식회사 글로리어스,서울특별시 서초구 잠원동 41-11 삼덕빌딩 ,"서울특별시 서초구 신반포로 315, 삼덕빌딩 지층 (잠원동)",322,2021-09-30,2022-11-04
체력단련장업,30106-2021-000027,윤형준 트레이닝센터,서울특별시 서초구 방배동 1020-2 대영빌딩 ,"서울특별시 서초구 방배로6길 10-15, 대영빌딩 (방배동)",299,2021-11-11,
체력단련장업,30106-2021-000028,전자서울 R&D 피트니스센터,서울특별시 서초구 우면동 678 (주)삼성전자 서울R&D캠퍼스 ,서울특별시 서초구 성촌길 56 (주)삼성전자 서울R&D캠퍼스 (우면동),3821,2021-11-12,2023-11-10
체력단련장업,30106-2021-000029,알앤디피티,서울특별시 서초구 우면동 687 우면삼성프라자-2 ,"서울특별시 서초구 성촌1길 12, 우면삼성프라자-2 401호 (우면동)",96,2021-11-18,
체력단련장업,30106-2021-000030,닥터 펠리체 짐,서울특별시 서초구 방배동 445-4 ,"서울특별시 서초구 방배천로 5-1, 8층 (방배동)",293,2021-11-18,
체력단련장업,30106-2021-000031,서리풀PT,서울특별시 서초구 방배동 908-6 ,"서울특별시 서초구 방배로 92, 2층 (방배동)",128,2021-11-23,
체력단련장업,30106-2021-000032,반포짐,서울특별시 서초구 서초동 1543-9 태홍빌딩 ,"서울특별시 서초구 반포대로 106, 태홍빌딩 지층 (서초동)",256,2021-12-10,
체력단련장업,30106-2021-000033,항구짐,서울특별시 서초구 잠원동 35-16 인정빌딩 ,"서울특별시 서초구 신반포로47길 47, 인정빌딩 (잠원동)",243,2021-12-17,2023-11-22
체력단련장업,30106-2021-000034,파프짐,서울특별시 서초구 서초동 1338-1 풍림아이원플러스 ,"서울특별시 서초구 효령로77길 14, 1층 (서초동, 풍림아이원플러스)",187.25,2021-12-23,
체력단련장업,30106-2021-000035,짐엑스텐,서울특별시 서초구 서초동 1580-11 동화빌딩 ,"서울특별시 서초구 사임당로 13, 동화빌딩 5층 (서초동)",183.16,2021-12-30,
체력단련장업,30106-2022-000001,에브리데이 PT,서울특별시 서초구 방배동 438-14 ,"서울특별시 서초구 동작대로 70, 6층 (방배동)",102.64,2022-02-08,
체력단련장업,30106-2022-000003,파인어스PT,서울특별시 서초구 양재동 82-9 가온 빌딩 ,"서울특별시 서초구 양재천로29길 21, 가온 빌딩 2층 (양재동)",139.4,2022-02-16,
체력단련장업,30106-2022-000004,유얼짐,서울특별시 서초구 서초동 1303-7 아멜리아 ,"서울특별시 서초구 사평대로56길 5, 아멜리아 지2층 (서초동)",183.2,2022-02-24,2022-05-03
체력단련장업,30106-2022-000005,(주)다이나믹케어,서울특별시 서초구 서초동 1337 강남미래타워 ,"서울특별시 서초구 사임당로 174, 강남미래타워 5층 503호 (서초동)",85.56,2022-02-24,
체력단련장업,30106-2022-000006,아틀라스 트레이닝(Atlas),서울특별시 서초구 방배동 924-13 근복제2빌딩 ,"서울특별시 서초구 방배로15길 3, 근복제2빌딩 2층 (방배동)",272.68,2022-03-03,2023-05-03
체력단련장업,30106-2022-000008,매일핏,서울특별시 서초구 반포동 719-3 ,"서울특별시 서초구 사평대로53길 93-19, 지층 (반포동)",121.57,2022-03-07,
체력단련장업,30106-2022-000010,F45 교대,서울특별시 서초구 서초동 1698-8 ,"서울특별시 서초구 서초대로51길 24, 3층 (서초동)",165.19,2022-03-07,
체력단련장업,30106-2022-000011,글로우짐,서울특별시 서초구 반포동 32-1 반포트라이엄프메딕스빌딩 ,"서울특별시 서초구 고무래로 32, 반포트라이엄프메딕스빌딩 지층 (반포동)",133.25,2022-03-21,
체력단련장업,30106-2022-000013,내셔널짐 서초점,서울특별시 서초구 서초동 1332-4 Cross 143 ,"서울특별시 서초구 사임당로 143, Cross 143 4층 407,408호 (서초동)",132.28,2022-04-21,
체력단련장업,30106-2022-000014,팀람다 트레이닝센터,서울특별시 서초구 서초동 1640-12 동구빌딩 ,"서울특별시 서초구 서초중앙로22길 92-4, 동구빌딩 지층 (서초동)",180.45,2022-04-25,
체력단련장업,30106-2022-000015,(주)엠알티핏,서울특별시 서초구 반포동 90-1 가나빌딩 ,"서울특별시 서초구 서래로6길 4, 가나빌딩 지하1층 (반포동)",188.33,2022-04-29,
체력단련장업,30106-2022-000016,테디짐PT 서초래미안,서울특별시 서초구 서초동 1682 서초래미안아파트 ,"서울특별시 서초구 서초대로65길 13-10, 2층 207호 (서초동, 서초래미안아파트)",55.48,2022-05-18,2024-03-25
체력단련장업,30106-2022-000017,클래시 휘트니스,서울특별시 서초구 서초동 1588-5 디아레나 서초 ,"서울특별시 서초구 효령로53길 24, 디아레나 서초 지층 101호 (서초동)",374.77,2022-05-23,
체력단련장업,30106-2022-000018,무브케어랩 퍼스널트레이닝,서울특별시 서초구 방배동 2257 다온빌딩 ,"서울특별시 서초구 동광로 4, 다온빌딩 3층 (방배동)",94.36,2022-06-22,
체력단련장업,30106-2022-000019,더 퍼스트 피티 스튜디오,서울특별시 서초구 서초동 1698-9 명산빌딩 ,"서울특별시 서초구 서초대로51길 22, 명산빌딩 2층 (서초동)",131,2022-06-27,
체력단련장업,30106-2022-000020,엑스(x)휘트니스,서울특별시 서초구 우면동 753 서초호반써밋 ,"서울특별시 서초구 양재대로2길 109, 상가동 2층 201호 (우면동, 서초호반써밋)",73.66,2022-06-28,
체력단련장업,30106-2022-000021,아라핏 스튜디오,서울특별시 서초구 서초동 1327-10 ,"서울특별시 서초구 서초대로78길 30, 3층 (서초동)",119.45,2022-06-29,
체력단련장업,30106-2022-000022,보리스짐 교대,서울특별시 서초구 서초동 1656-4 서초동롯데캐슬메디치 ,"서울특별시 서초구 서초중앙로 110, 지하1층 (서초동, 서초동롯데캐슬메디치)",378.91,2022-07-01,
체력단련장업,30106-2022-000023,펜타핏 주식회사,서울특별시 서초구 서초동 1329-4 우남빌딩 ,"서울특별시 서초구 강남대로 349, 우남빌딩 11층 (서초동)",73.76,2022-07-14,
체력단련장업,30106-2022-000024,크로스핏 강남 반포,서울특별시 서초구 방배동 755-14 리첸시아 ,"서울특별시 서초구 방배중앙로 204, 리첸시아 지하1층 (방배동)",287.8,2022-07-19,
체력단련장업,30106-2022-000025,바른자세 Pt짐,서울특별시 서초구 잠원동 73 신반포2지구아파트 ,"서울특별시 서초구 신반포로23길 41, 4층 404호 (잠원동, 신반포2지구아파트)",98.87,2022-07-21,2023-11-29
체력단련장업,30106-2022-000026,윌 피티 짐,서울특별시 서초구 방배동 876-20 희연(HEE YEON) ,"서울특별시 서초구 서초대로25길 6, 지하1층 (방배동, 희연(HEE YEON))",,2022-08-29,
체력단련장업,30106-2022-000027,아고라피트니스 강남역점,서울특별시 서초구 서초동 1327-35 호정빌딩 ,"서울특별시 서초구 서초대로78길 38, 호정빌딩 5층 (서초동)",,2022-08-29,
체력단련장업,30106-2022-000028,Hoya Gym,서울특별시 서초구 반포동 537-4 ,"서울특별시 서초구 서래로10길 23, 3층 (반포동)",,2022-09-08,
체력단련장업,30106-2022-000029,DOUM PT,서울특별시 서초구 반포동 742-18 연우빌딩 ,"서울특별시 서초구 주흥3길 6, 연우빌딩 3층 (반포동)",,2022-09-14,
체력단련장업,30106-2022-000030,활로 피트 매니지먼트,서울특별시 서초구 서초동 1443-15 윤일빌딩 ,"서울특별시 서초구 효령로 336, 윤일빌딩 지하1층 (서초동)",,2022-09-21,
체력단련장업,30106-2022-000031,The rebody PT,서울특별시 서초구 서초동 1555-6 ,"서울특별시 서초구 서초대로46길 19-7, 지하1층 (서초동)",,2022-09-22,
체력단련장업,30106-2022-000032,주식회사중평알앤에스,서울특별시 서초구 우면동 64-1 중평빌딩 ,"서울특별시 서초구 바우뫼로7길 3, 중평빌딩 지하1층 (우면동)",202.5,2022-09-29,
체력단련장업,30106-2022-000033,BEEFIT STUDIO,서울특별시 서초구 우면동 2-9 태성빌딩 ,"서울특별시 서초구 바우뫼로6길 8-4, 2층 (우면동)",66,2022-10-19,
체력단련장업,30106-2022-000034,마이밸런스 프라이빗 PT짐 서초점,서울특별시 서초구 서초동 1425-9 효봉빌딩 ,"서울특별시 서초구 남부순환로333길 13, 효봉빌딩 2층 (서초동)",181.82,2022-11-08,2024-01-09
체력단련장업,30106-2022-000035,크레이지독스짐,서울특별시 서초구 방배동 909-11 나이스빌 ,"서울특별시 서초구 효령로31길 10, 나이스빌 (방배동)",269.46,2022-11-18,2023-12-04
체력단련장업,30106-2022-000036,랜드마크짐,서울특별시 서초구 방배동 807-3 다빈빌딩 ,"서울특별시 서초구 동광로 92, 지하1층 (방배동)",368.49,2022-11-21,
체력단련장업,30106-2022-000037,YJ FITNESS,서울특별시 서초구 잠원동 28-3 신원빌라 ,"서울특별시 서초구 강남대로95길 9-25, 지하1, 1층 (잠원동)",216,2022-12-07,
체력단련장업,30106-2022-000038,리메이크바디샵 서초,서울특별시 서초구 서초동 1538-1 ,"서울특별시 서초구 서초대로40길 77, 201,202호 (서초동)",106.44,2022-12-14,
체력단련장업,30106-2022-000039,텐핏 양재,서울특별시 서초구 서초동 1361-1 ,"서울특별시 서초구 강남대로 267, B1층 (서초동)",131.01,2022-12-22,2023-12-18
체력단련장업,30106-2022-000040,하이라이트 피트니스,서울특별시 서초구 서초동 1330-4 아르누보씨티2 ,"서울특별시 서초구 서초대로74길 49, B1층 (서초동)",383.11,2022-12-23,
체력단련장업,30106-2023-000001,바른결 PT,서울특별시 서초구 서초동 1445-4 래미안 서초유니빌 ,"서울특별시 서초구 서초중앙로 26, 201호 (서초동, 래미안 서초유니빌)",136.43,2023-01-05,2023-01-12
체력단련장업,30106-2023-000002,어메이징휘트니스 반포점,서울특별시 서초구 반포동 50-12 지지반포빌딩 ,"서울특별시 서초구 서초중앙로31길 6-3, 지하2층 (반포동)",998.26,2023-01-12,
체력단련장업,30106-2023-000003,일생의 피티,서울특별시 서초구 방배동 795-5 복빌딩 ,"서울특별시 서초구 동광로19길 16, 3층 (방배동)",,2023-01-20,
체력단련장업,30106-2023-000004,운동록,서울특별시 서초구 방배동 773-12 세진빌딩 ,"서울특별시 서초구 방배로42길 36-4, 세진빌딩 4층 401호 (방배동)",132.22,2023-03-20,
체력단련장업,30106-2023-000005,헬스보이짐 강남고속버스터미널점,서울특별시 서초구 반포동 19-4 강남고속버스터미널 ,"서울특별시 서초구 신반포로 194, 강남고속버스터미널 본관 1,2층 (반포동)",1272.73,2023-03-23,
체력단련장업,30106-2023-000006,짐 레빗(Gym Revit),서울특별시 서초구 방배동 763-32 가우디빌딩 ,"서울특별시 서초구 방배중앙로29길 21, 가우디빌딩 4층 (방배동)",176.3,2023-03-28,
체력단련장업,30106-2023-000007,서초스포츠센터,서울특별시 서초구 서초동 1325-23 서초스포츠센터 ,"서울특별시 서초구 서운로 123, 서초스포츠센터 (서초동)",2512,2023-04-04,2023-11-10
체력단련장업,30106-2023-000008,롤랜드 헬스클럽PT,서울특별시 서초구 서초동 1492-10 SK빌딩 ,"서울특별시 서초구 명달로13길 4, SK빌딩 301호 (서초동)",112.48,2023-04-14,2023-05-08
체력단련장업,30106-2023-000009,제니바디 교대점,서울특별시 서초구 서초동 1648-2 서초현대아파트 ,"서울특별시 서초구 사임당로19길 10, 지하1층 (서초동, 서초현대아파트)",159.72,2023-05-04,
체력단련장업,30106-2023-000010,에비뉴,서울특별시 서초구 신원동 559 서초 케이타운 오피스텔 ,"서울특별시 서초구 헌릉로 170, 서초 케이타운 오피스텔 지하1층 (신원동)",416,2023-05-08,
체력단련장업,30106-2023-000011,골핏,서울특별시 서초구 방배동 874-1 한국수입협회(KOIMA)빌딩 ,"서울특별시 서초구 방배로 169, 한국수입협회(KOIMA)빌딩 지하1층 (방배동)",455,2023-05-22,
체력단련장업,30106-2023-000012,블랙포스짐 교대점,서울특별시 서초구 서초동 1696-11 서일빌딩 ,"서울특별시 서초구 서초대로53길 10, 서일빌딩 지하1층 (서초동)",287.23,2023-05-24,2023-08-22
체력단련장업,30106-2023-000013,N피티앤필라테스,서울특별시 서초구 우면동 725 네이처프라자 ,"서울특별시 서초구 태봉로 62, 네이처프라자 501호 (우면동)",,2023-06-05,
체력단련장업,30106-2023-000014,에이쓰리짐(a3gym),서울특별시 서초구 서초동 1697-6 백석빌딩 ,"서울특별시 서초구 서초대로53길 28, 백석빌딩 지하2층 (서초동)",172.09,2023-06-09,
체력단련장업,30106-2023-000015,테디짐PT 강남점,서울특별시 서초구 서초동 1332-2 대한무지개종합상가 ,"서울특별시 서초구 사임당로 151, 대한무지개종합상가 3층 301호 (서초동)",72.86,2023-06-15,2024-03-25
체력단련장업,30106-2023-000016,웨이브휘트니스,서울특별시 서초구 서초동 1599-2 LG서초에클라트 ,"서울특별시 서초구 반포대로14길 71, LG서초에클라트 지하1층 (서초동)",494.11,2023-07-05,
체력단련장업,30106-2023-000017,아워피트니스 프리미엄,서울특별시 서초구 방배동 768-3 스퀘어 181 ,"서울특별시 서초구 방배중앙로 181, B1층 (방배동)",199.04,2023-07-24,
체력단련장업,30106-2023-000018,우노짐 잠원,서울특별시 서초구 잠원동 63-34 ,"서울특별시 서초구 신반포로33길 62, 202호 (잠원동)",58.14,2023-08-02,
체력단련장업,30106-2023-000019,머슬메모리,서울특별시 서초구 반포동 735-30 ,"서울특별시 서초구 강남대로83길 24, 2층 (반포동)",132.32,2023-08-04,
체력단련장업,30106-2023-000020,하이브짐(Hive Gym),서울특별시 서초구 서초동 1443-11 해평빌딩 ,"서울특별시 서초구 효령로 330, 해평빌딩 2층 (서초동)",179.55,2023-09-12,
체력단련장업,30106-2023-000021,우리동네운동박사 서초점,서울특별시 서초구 우면동 66-2 우면종합상가 ,"서울특별시 서초구 바우뫼로7길 8, 우면종합상가 3층 305호 (우면동)",68.16,2023-10-18,
체력단련장업,30106-2023-000022,내추럴홍피트니스,서울특별시 서초구 양재동 215 하이브랜드 ,"서울특별시 서초구 매헌로 16, 하이브랜드 3층 301호 (양재동)",235.69,2023-10-25,
체력단련장업,30106-2023-000023,자스민 운동센터,서울특별시 서초구 잠원동 73 ,"서울특별시 서초구 신반포로23길 41, 410호 (잠원동, 신반포2지구아파트)",,2023-11-03,2023-11-23
체력단련장업,30106-2023-000024,움직임 PT Studio,서울특별시 서초구 반포동 91-6 ,"서울특별시 서초구 서래로6길 7, 지하1층 (반포동)",,2023-11-06,
체력단련장업,30106-2023-000025,알앤디 피티 앤 필라테스,서울특별시 서초구 우면동 687 우면삼성프라자-2 ,"서울특별시 서초구 성촌1길 12, 우면삼성프라자-2 401호 (우면동)",,2023-11-08,
체력단련장업,30106-2023-000026,스포애니 남부터미널역점(주)케이디헬스케어,서울특별시 서초구 서초동 1618-6 ,"서울특별시 서초구 서초중앙로8길 51, 지하1층 (서초동)",,2023-11-09,2024-03-26
체력단련장업,30106-2023-000027,휘트니스엠,서울특별시 서초구 서초동 1365-8 ,"서울특별시 서초구 남부순환로 2567, 지하2층 (서초동)",720.45,2023-11-24,
체력단련장업,30106-2023-000028,아워피트니스,서울특별시 서초구 반포동 97-10 97-10 트윈빌 ,"서울특별시 서초구 서래로1길 8, 97-10 트윈빌 지하2층 (반포동)",226.77,2023-11-29,
체력단련장업,30106-2023-000029,FIT.Covery핏커버리,서울특별시 서초구 잠원동 103 반포역 ,"서울특별시 서초구 신반포로 지하 241, 반포역 (잠원동)",357.02,2023-12-04,
체력단련장업,30106-2023-000030,모브핏(Mauve Fit),서울특별시 서초구 방배동 913-8 ,"서울특별시 서초구 효령로27길 20, 2층 (방배동)",,2023-12-06,
체력단련장업,30106-2023-000031,바른길 PT STUDIO,서울특별시 서초구 반포동 577-39 ,"서울특별시 서초구 동광로46길 3, 1층 (반포동)",107.8,2023-12-15,
체력단련장업,30106-2023-000032,서래 퍼스널 트레이닝,서울특별시 서초구 반포동 92-1 ,"서울특별시 서초구 서래로 48, 3층 (반포동)",240.54,2023-12-22,
체력단련장업,30106-2024-000001,아우라짐 논현역점,서울특별시 서초구 반포동 723-1 도충빌딩 ,"서울특별시 서초구 강남대로 519, 도충빌딩 (반포동)",,2024-02-19,
체력단련장업,30106-2024-000002,AL피트니스,서울특별시 서초구 반포동 720-15 ,서울특별시 서초구 사평대로53길 94 (반포동),132.73,2024-02-27,
체력단련장업,30106-2024-000003,아워피트니스 내방점,서울특별시 서초구 방배동 935-40 텔콤빌딩 내방 ,"서울특별시 서초구 방배로 141, 텔콤빌딩 내방 (방배동)",376.57,2024-03-08,
체력단련장업,30106-2024-000004,인사이트 그룹PT 양재역점,서울특별시 서초구 서초동 1364-39 지훈빌딩 ,"서울특별시 서초구 서운로6길 26, 지훈빌딩 지하1층 (서초동)",,2024-04-12,
체력단련장업,30106-2024-000005,스페이스짐,서울특별시 서초구 방배동 3001-1 디오슈페리움2차 ,"서울특별시 서초구 동작대로 108, 지하1층 (방배동, 디오슈페리움2)",213.54,2024-05-08,
체력단련장업,30106-2024-000006,"신사 라이크짐 PT, 필라테스",서울특별시 서초구 잠원동 20-5 인성빌딩 ,"서울특별시 서초구 강남대로 603, 인성빌딩 지하1층 (잠원동)",334.93,2024-05-17,2024-05-31
체력단련장업,30106-2024-000007,애니타임 피트니스,서울특별시 서초구 서초동 1340-1 ,"서울특별시 서초구 효령로 426, 지하1층 (서초동)",163.5,2024-05-27,
체력단련장업,30106-2024-000008,화이트짐 양재점,서울특별시 서초구 양재동 14-1 ,"서울특별시 서초구 강남대로 206, 지하1층 (양재동)",511.69,2024-06-03,
체력단련장업,30106-2024-000009,애플피트니스,서울특별시 서초구 서초동 1515-3 모짜르트홀 101호,"서울특별시 서초구 명달로 104, 모짜르트홀 101호 (서초동)",225.18,2024-06-12,
